,体重,身長,BMI,5%ロング缶,5%ショート缶,ワイン,総アルコール量,血中アルコール濃度
0,60.0,170.0,20.76,4.0,5.0,0.0,187.5,0.38
1,60.0,170.0,20.76,0.0,2.0,180.0,63.0,0.12
2,60.0,170.0,20.76,3.0,2.0,0.0,110.0,0.22
3,65.0,171.0,22.23,4.0,2.0,360.0,189.0,0.35
4,65.0,171.0,22.23,0.0,1.0,180.0,44.5,0.08
5,67.0,174.0,22.12973972783723,1.0,1.0,0.0,42.5,0.086108371541602
